Issue Type,Summary,Description,Priority,Story Points,Epic Link,Components,Labels,Assignee,Due Date,Acceptance Criteria
Story,"Complete V11 Java Migration (Remaining 80%)","Migrate remaining TypeScript modules to Java/Quarkus/GraalVM architecture",Critical,21,Platform Migration,Backend;Core,migration java v11 migrated-from-v10,Platform Architect Agent,2025-03-31,"All TypeScript modules migrated to Java
Native compilation successful
Performance benchmarks met"
Story,"Achieve 2M+ TPS Performance Target","Optimize V11 implementation to reach 2 million transactions per second",Critical,13,Performance Optimization,Performance;Core,performance optimization v11 migrated-from-v10,AI Optimization Agent,2025-02-28,"Sustained 2M+ TPS in benchmarks
Latency under 100ms
Resource utilization optimized"
Story,"Fix Alpaca API Authentication","Resolve 401 authentication errors with Alpaca Markets API integration",High,3,HMS Integration,Integration;API,bug authentication alpaca migrated-from-v10,Integration Agent,2025-01-15,"Successful API authentication
Live data streaming working
Order placement functional"
Story,"Implement Real Quantum Signatures","Replace mock quantum signatures with actual CRYSTALS-Dilithium implementation",High,8,Quantum Security,Security;Cryptography,quantum security crypto migrated-from-v10,Quantum Security Agent,2025-02-15,"NIST Level 5 compliance
Hardware acceleration support
Performance benchmarks met"
Story,"Complete gRPC Service Implementation","Finish implementing all gRPC services for internal communication",High,8,Network Infrastructure,Network;gRPC,grpc network protocol migrated-from-v10,Network Infrastructure Agent,2025-01-31,"All services migrated to gRPC
Protocol Buffers defined
Performance targets met"
Story,"Migrate Test Suite to Java","Port all TypeScript tests to Java/JUnit framework",Medium,13,Testing,Testing;Quality,testing migration quality migrated-from-v10,Testing Agent,2025-02-28,"95% code coverage
All test scenarios covered
CI/CD pipeline integrated"
Story,"Launch Mainnet","Deploy Aurigraph V11 to production mainnet",Critical,21,Production Launch,Deployment;Infrastructure,mainnet production launch migrated-from-v10,DevOps Agent,2025-03-31,"Mainnet deployed and stable
99.99% uptime achieved
Monitoring and alerting active"
Story,"Kubernetes Production Cluster Setup","Configure and deploy production Kubernetes infrastructure",High,13,Infrastructure,Infrastructure;Kubernetes,kubernetes deployment infrastructure migrated-from-v10,DevOps Agent,2025-02-15,"Multi-region cluster deployed
Auto-scaling configured
Disaster recovery tested"
Story,"Multi-Region Deployment","Deploy Aurigraph nodes across 5 global regions",High,13,Infrastructure,Infrastructure;Deployment,global deployment scaling migrated-from-v10,DevOps Agent,2025-03-15,"5 regions operational
Load balancing active
Geo-replication working"
Story,"Integrate 5 Additional Exchanges","Add support for Binance, Coinbase, Kraken, FTX, and Gemini",Medium,21,Exchange Integration,Integration;Trading,exchange integration trading migrated-from-v10,Integration Agent,2025-03-31,"All 5 exchanges integrated
Real-time data feeds active
Order routing functional"
Story,"DeFi Protocol Integration","Integrate with major DeFi protocols (Uniswap, Aave, Compound)",Medium,13,DeFi Integration,Integration;DeFi,defi integration protocols migrated-from-v10,Cross-Chain Agent,2025-04-30,"Smart contract interfaces complete
Liquidity pools accessible
Cross-chain swaps functional"
Story,"ISO 20022 Compliance Implementation","Implement ISO 20022 messaging standards for financial communications",High,8,Compliance,Compliance;Standards,iso20022 compliance standards migrated-from-v10,Compliance Agent,2025-05-31,"ISO 20022 messages supported
SWIFT compatibility verified
Regulatory approval obtained"
Story,"SEC and FINRA Full Approval","Obtain complete regulatory approval from SEC and FINRA",Critical,21,Regulatory,Compliance;Legal,regulatory sec finra migrated-from-v10,Compliance Agent,2025-12-31,"SEC registration complete
FINRA membership approved
All compliance requirements met"
Story,"Mobile SDK Release","Develop and release iOS and Android SDKs",Medium,21,Mobile Development,Mobile;SDK,mobile sdk ios android migrated-from-v10,Mobile Development Agent,2025-04-30,"iOS SDK released
Android SDK released
Documentation complete
Sample apps provided"
Story,"CBDC Pilot Program","Launch Central Bank Digital Currency pilot program",High,34,CBDC,CBDC;Government,cbdc pilot government migrated-from-v10,Platform Architect Agent,2025-06-30,"Pilot program launched
Central bank integration complete
Regulatory compliance verified"
Story,"Quantum Computer Testing","Test platform security against real quantum computers",High,13,Quantum Security,Security;Quantum,quantum testing security migrated-from-v10,Quantum Security Agent,2025-07-31,"IBM Quantum testing complete
Google Quantum testing complete
Security verified against quantum attacks"
Story,"Achieve 5M TPS Target","Scale platform to handle 5 million transactions per second",High,34,Performance,Performance;Scaling,performance scaling 5m-tps migrated-from-v10,AI Optimization Agent,2025-09-30,"5M TPS sustained for 24 hours
Latency under 50ms
Stability maintained"
Story,"Achieve 10M TPS Target","Ultimate scaling to 10 million transactions per second",Medium,55,Performance,Performance;Scaling,performance scaling 10m-tps migrated-from-v10,AI Optimization Agent,2025-12-31,"10M TPS achieved
Global deployment stable
Cost-effective operation"
Story,"Enterprise Partnerships","Establish partnerships with Fortune 500 companies",High,21,Business Development,Business;Partnerships,enterprise partnerships b2b migrated-from-v10,Business Development Agent,2025-09-30,"10+ enterprise partnerships
Contracts signed
Integration complete"
Story,"IPO Preparation","Prepare company for Initial Public Offering",Critical,89,Business,Business;Finance,ipo finance public migrated-from-v10,Platform Architect Agent,2025-12-31,"S-1 filing complete
Audits passed
Roadshow successful
IPO launched"
